Date,Time,Home,HG,HxGt,HxGp,Away,AG,AxGt,AxGp,GD,xGDt,xGDp,Final,HxPts,AxPts
2019-05-07,,FC Baltimore Christos,1,,,West Chester United SC,1,,,,,,,,
2019-05-07,,Lakeland Tropics FC,1,,,The Villages SC,1,,,,,,,,
2019-05-07,,NYRB (USL),4,,,FC Motown,4,,,,,,,,
2019-05-07,,RIC (USL1),6,,,Virginia United FC,2,,,,,,,,
2019-05-07,,Milwaukee Bavarians,0,,,MAD (USL1),2,,,,,,,,
2019-05-07,,Orange County FC,2,,,FC Golden State Force,0,,,,,,,,
2019-05-07,,Academica SC,1,,,El Farolito,2,,,,,,,,
2019-05-07,,Cal FC,5,,,FC Mulhouse Portland,1,,,,,,,,
2019-05-07,,TRM (USL1),23,,,CHA (USL1),0,,,,,,,,
2019-05-07,,Laredo Heat,1,,,Brazos Valley Cavalry FC,0,,,,,,,,
2019-05-08,,Little Rock Rangers SC,2,,,NTX Rayados,2,,,,,,,,
2019-05-08,,Des Moines Menace,1,,,Duluth FC,1,,,,,,,,
2019-05-08,,Erie Admirals SC,1,,,Dayton,2,,,,,,,,
2019-05-08,,MIA (USL),1,,,Florida Soccer Soldiers,2,,,,,,,,
2019-05-08,,Reading United AC,2,,,Junior Lone Star FC,1,,,,,,,,
2019-05-08,,GVL (USL1),1,,,TRM (USL1),0,,,,,,,,
2019-05-08,,New York Cosmos B,2,,,Black Rock FC,1,,,,,,,,
2019-05-08,,Midland/Odessa Sockers,1,,,FC Denver,2,,,,,,,,
2019-05-08,,LAN (USL1),2,,,AFC Ann Arbor,1,,,,,,,,
2019-05-14,,CLTI (USL1),2,,,Florida Soccer Soldiers,2,,,,,,,,
2019-05-14,,TBR (USL),4,,,The Villages SC,1,,,,,,,,
2019-05-14,,PIT (USL),3,,,Dayton,0,,,,,,,,
2019-05-14,,HFD (USL),2,,,New York Cosmos B,1,,,,,,,,
2019-05-14,,NSH (USL),3,,,Tormenta FC 2,2,,,,,,,,
2019-05-14,,SA (USL),2,,,Laredo Heat,0,,,,,,,,
2019-05-14,,LV (USL),2,,,Cal FC,0,,,,,,,,
2019-05-14,,OKC (USL),3,,,NTX Rayados,1,,,,,,,,
2019-05-14,,ATX (USL),2,,,Tulsa,0,,,,,,,,
2019-05-15,,Des Moines Menace,1,,,STL (USL),1,,,,,,,,
2019-05-15,,OC (USL),2,,,Orange County FC,2,,,,,,,,
2019-05-15,,PHX (USL),2,,,NM (USL),2,,,,,,,,
2019-05-15,,El Farolito,0,,,FRS (USL),1,,,,,,,,
2019-05-15,,NC (USL1),4,,,RIC (USL1),1,,,,,,,,
2019-05-15,,GVL (USL1),1,,,CHS (USL),2,,,,,,,,
2019-05-15,,IND (USL),1,,,LAN (USL1),0,,,,,,,,
2019-05-15,,LOU (USL),3,,,Reading United AC,0,,,,,,,,
2019-05-15,,COS (USL),1,,,FC Denver,0,,,,,,,,
2019-05-15,,MEM (USL),3,,,NYRB (USL),1,,,,,,,,
2019-05-15,,BHM (USL),4,,,West Chester United SC,1,,,,,,,,
2019-05-15,,SAC (USL),1,,,RNO (USL),0,,,,,,,,
2019-05-15,,ELP (USL),0,,,MAD (USL1),3,,,,,,,,
2019-05-28,,OKC (USL),4,,,TBR (USL),3,,,,,,,,
2019-05-29,,COS (USL),1,,,NM (USL),2,,,,,,,,
2019-05-29,,SAC (USL),1,,,FRS (USL),0,,,,,,,,
2019-05-29,,NSH (USL),1,,,CHS (USL),1,,,,,,,,
2019-05-29,,NC (USL1),1,,,Florida Soccer Soldiers,0,,,,,,,,
2019-05-29,,LOU (USL),1,,,BHM (USL),0,,,,,,,,
2019-05-29,,PIT (USL),1,,,IND (USL),0,,,,,,,,
2019-05-29,,MEM (USL),4,,,HFD (USL),0,,,,,,,,
2019-05-29,,LV (USL),3,,,Orange County FC,5,,,,,,,,
2019-05-29,,ATX (USL),4,,,SA (USL),2,,,,,,,,
2019-05-29,,STL (USL),3,,,MAD (USL1),1,,,,,,,,
2019-06-11,,NYRB,2,,,NER,3,,,,,,,,
2019-06-11,,CLB,1,,,PIT (USL),0,,,,,,,,
2019-06-11,,HOU,3,,,ATX (USL),2,,,,,,,,
2019-06-11,,STL (USL),2,,,CHI,1,,,,,,,,
2019-06-11,,SJE,4,,,SAC (USL),3,,,,,,,,
2019-06-11,,RSL,0,,,LAFC,3,,,,,,,,
2019-06-12,,DCU,2,,,PHI,1,,,,,,,,
2019-06-12,,CIN,2,,,LOU (USL),1,,,,,,,,
2019-06-12,,COL,2,,,NM (USL),2,,,,,,,,
2019-06-12,,NYC,4,,,NC (USL1),0,,,,,,,,
2019-06-12,,FCD,4,,,OKC (USL),0,,,,,,,,
2019-06-12,,MIN,4,,,SKC,1,,,,,,,,
2019-06-12,,LAG,3,,,Orange County FC,0,,,,,,,,
2019-06-12,,MEM (USL),1,,,ORL,3,,,,,,,,
2019-06-12,,SEA,1,,,POR,2,,,,,,,,
2019-06-13,,ATL,3,,,CHS (USL),1,,,,,,,,
2019-06-18,,HOU,2,,,MIN,3,,,,,,,,
2019-06-18,,CLB,2,,,ATL,3,,,,,,,,
2019-06-19,,ORL,2,,,NER,1,,,,,,,,
2019-06-19,,DCU,1,,,NYC,2,,,,,,,,
2019-06-19,,FCD,1,,,NM (USL),2,,,,,,,,
2019-06-19,,STL (USL),1,,,CIN,0,,,,,,,,
2019-06-19,,POR,4,,,LAG,0,,,,,,,,
2019-06-20,,LAFC,3,,,SJE,1,,,,,,,,
2019-07-10,,ORL,1,,,NYC,1,,,,,,,,
2019-07-10,,ATL,2,,,STL (USL),0,,,,,,,,
2019-07-10,,MIN,6,,,NM (USL),1,,,,,,,,
2019-07-10,,LAFC,0,,,POR,1,,,,,,,,
2019-08-06,,ORL,0,,,ATL,2,,,,,,,,
2019-08-07,,MIN,2,,,POR,1,,,,,,,,
2019-08-27,,ATL,2,,,MIN,1,,,,,,,,
2022-03-22,,Cleveland SC,2,,,Chicago FC United,1,,,,,,,,
2022-03-22,,The Villages SC,6,,,Orlando FC Wolves,0,,,,,,,,
2022-03-22,,Hartford City FC,0,,,Oyster Bay United FC,3,,,,,,,,
2022-03-23,,San Fernando Valley FC,6,,,Escondido FC,2,,,,,,,,
2022-03-23,,Ocean City Nor'easters,1,,,Lansdowne Bhoys FC,1,,,,,,,,
2022-03-23,,Miami United FC,3,,,City Soccer FC,1,,,,,,,,
2022-03-23,,Western Mass Pioneers,2,,,Brockton FC United,0,,,,,,,,
2022-03-22,,Southern States SC,3,,,Georgia Revolution,1,,,,,,,,
2022-03-22,,Denton Diablos FC,2,,,D'Feeters Kicks SC,3,,,,,,,,
2022-03-23,,Tulsa Athletic,3,,,Azteca FC,0,,,,,,,,
2022-03-23,,Des Moines Menace,4,,,Minneapolis City SC,2,,,,,,,,
2022-03-23,,Timbers,2,,,Contra Costa FC,1,,,,,,,,
2022-03-23,,Las Vegas Legends,3,,,Park City Red Wolves,2,,,,,,,,
2022-03-30,,Lynchburg FC,1,,,Northern Virginia Royals,3,,,,,,,,
2022-04-01,,FC Motown,1,,,West Chester United SC,0,,,,,,,,
2022-04-05,,CLTI (USL1),2,,,NC Fusion U23,4,,,,,,,,
2022-04-05,,PIT (USL),2,,,Maryland Bobcats FC,0,,,,,,,,
2022-04-05,,DET (USL),3,,,Michigan Stars FC,0,,,,,,,,
2022-04-05,,TBR (USL),6,,,The Villages SC,0,,,,,,,,
2022-04-05,,IND (USL),0,,,St. Louis City SC 2,2,,,,,,,,
2022-04-06,,FC Motown,1,,,AC Syracuse Pulse,0,,,,,,,,
2022-04-06,,MIA (USL),3,,,Miami United FC,0,,,,,,,,
2022-04-06,,NC (USL1),1,,,RGV Toros,2,,,,,,,,
2022-04-05,,OMA (USL1),2,,,Des Moines Menace,1,,,,,,,,
2022-04-05,,SA (USL),3,,,D'Feeters Kicks SC,1,,,,,,,,
2022-04-06,,LOU (USL),1,,,CHA (USL1),0,,,,,,,,
2022-04-05,,CVF (USL1),4,,,ELP (USL),1,,,,,,,,
2022-04-05,,FC Tulsa,2,,,Tulsa Athletic,1,,,,,,,,
2022-04-06,,Western Mass Pioneers,0,,,Flower City Union,1,,,,,,,,
2022-04-05,,NM (USL),5,,,Las Vegas Legends,0,,,,,,,,
2022-04-05,,OC (USL),5,,,Los Angeles Force,2,,,,,,,,
2022-04-07,,CHS (USL),0,,,TRM (USL1),1,,,,,,,,
2022-04-07,,Rochester,1,,,Lansdowne Bhoys FC,0,,,,,,,,
2022-04-07,,GVL (USL1),2,,,Roots,0,,,,,,,,
2022-04-07,,Chattanooga FC,3,,,MEM (USL),1,,,,,,,,
2022-04-06,,MAD (USL1),3,,,Cleveland SC,0,,,,,,,,
2022-04-06,,COS (USL),0,,,NCO (USL1),1,,,,,,,,
2022-04-07,,HFD (USL),3,,,Oyster Bay United FC,1,,,,,,,,
2022-04-06,,TUC (USL1),3,,,LV (USL),2,,,,,,,,
2022-04-06,,PHX (USL),1,,,Valley United FC,0,,,,,,,,
2022-04-06,,Bay Cities FC,2,,,MB (USL),1,,,,,,,,
2022-04-06,,Albion SC Pros,1,,,SD (USL),2,,,,,,,,
2022-04-06,,Northern Virginia Royals,0,,,RIC (USL1),1,,,,,,,,
2022-04-07,,BHM (USL),3,,,Southern States SC,1,,,,,,,,
2022-04-07,,SAC (USL),6,,,Timbers,0,,,,,,,,
2022-04-07,,California Strikers,5,,,San Fernando Valley FC,0,,,,,,,,
2022-04-19,,CIN,2,,,PIT (USL),0,,,,,,,,
2022-04-19,,MIA (USL),0,,,MIA,1,,,,,,,,
2022-04-19,,Flower City Union,0,,,DCU,3,,,,,,,,
2022-04-19,,DET (USL),2,,,CLB,1,,,,,,,,
2022-04-20,,MAD (USL1),0,,,MIN,2,,,,,,,,
2022-04-20,,Rochester,2,,,FC Motown,2,,,,,,,,
2022-04-20,,RIC (USL1),1,,,NC Fusion U23,0,,,,,,,,
2022-04-19,,CHI,2,,,OMA (USL1),2,,,,,,,,
2022-04-20,,ORL,2,,,TBR (USL),1,,,,,,,,
2022-04-19,,BHM (USL),0,,,TRM (USL1),2,,,,,,,,
2022-04-20,,HFD (USL),1,,,NYRB,2,,,,,,,,
2022-04-20,,GVL (USL1),1,,,CLT,2,,,,,,,,
2022-04-19,,FCD,2,,,FC Tulsa,1,,,,,,,,
2022-04-19,,HOU,2,,,RGV Toros,1,,,,,,,,
2022-04-19,,LAG,1,,,SD (USL),0,,,,,,,,
2022-04-19,,TUC (USL1),1,,,California Strikers,2,,,,,,,,
2022-04-19,,SJE,5,,,Bay Cities FC,0,,,,,,,,
2022-04-20,,LOU (USL),0,,,St. Louis City SC 2,0,,,,,,,,
2022-04-20,,ATL,6,,,Chattanooga FC,0,,,,,,,,
2022-04-20,,LAFC,5,,,OC (USL),1,,,,,,,,
2022-04-20,,PHX (USL),2,,,NM (USL),1,,,,,,,,
2022-04-20,,SAC (USL),2,,,CVF (USL1),1,,,,,,,,
2022-04-20,,RSL,0,,,NCO (USL1),1,,,,,,,,
2022-04-20,,SA (USL),2,,,ATX,1,,,,,,,,
2022-05-10,,ORL,2,,,PHI,1,,,,,,,,
2022-05-10,,DET (USL),1,,,LOU (USL),1,,,,,,,,
2022-05-10,,DCU,0,,,NYRB,3,,,,,,,,
2022-05-11,,RIC (USL1),1,,,CLT,5,,,,,,,,
2022-05-11,,NER,5,,,CIN,1,,,,,,,,
2022-05-11,,NYC,3,,,Rochester,1,,,,,,,,
2022-05-10,,SKC,4,,,FCD,2,,,,,,,,
2022-05-10,,LAFC,2,,,POR,0,,,,,,,,
2022-05-10,,MIA,3,,,TRM (USL1),1,,,,,,,,
2022-05-12,,MIN,2,,,COL,1,,,,,,,,
2022-05-11,,NSH,3,,,ATL,2,,,,,,,,
2022-05-11,,SEA,2,,,SJE,2,,,,,,,,
2022-05-11,,OMA (USL1),2,,,NCO (USL1),0,,,,,,,,
2022-05-11,,California Strikers,2,,,LAG,3,,,,,,,,
2022-05-11,,SAC (USL),2,,,PHX (USL),0,,,,,,,,
2022-05-11,,HOU,1,,,SA (USL),0,,,,,,,,
2022-05-25,,ORL,1,,,MIA,1,,,,,,,,
2022-05-25,,LOU (USL),1,,,NSH,2,,,,,,,,
2022-05-25,,NYC,1,,,NER,0,,,,,,,,
2022-05-25,,MIN,1,,,OMA (USL1),2,,,,,,,,
2022-05-25,,SKC,2,,,HOU,1,,,,,,,,
2022-05-25,,LAG,3,,,LAFC,1,,,,,,,,
2022-05-25,,SAC (USL),2,,,SJE,0,,,,,,,,
2022-05-25,,NYRB,3,,,CLT,1,,,,,,,,
2022-06-21,,LAG,1,,,SAC (USL),2,,,,,,,,
2022-06-22,,SKC,6,,,OMA (USL1),0,,,,,,,,
2022-06-22,,NYRB,3,,,NYC,0,,,,,,,,
2022-06-29,,ORL,1,,,NSH,1,,,,,,,,
2022-07-27,,ORL,5,,,NYRB,1,,,,,,,,
2022-07-27,,SAC (USL),0,,,SKC,0,,,,,,,,
2022-09-07,,ORL,3,,,SAC (USL),0,,,,,,,,
2023-03-21,,West Chester United SC,1,,,Ocean City Nor'easters,3,,,,,,,,
2023-03-22,,El Farolito,3,,,Inter San Francisco,0,,,,,,,,
2023-03-22,,Manhattan SC,2,,,FC Motown,1,,,,,,,,
2023-03-22,,Club de Lyon FC II,0,,,Nona FC,1,,,,,,,,
2023-03-22,,Appalachian FC,2,,,NC Fusion U23,2,,,,,,,,
2023-03-23,,Jacksonville United FC,1,,,Miami United FC,1,,,,,,,,
2023-03-22,,Tulsa Athletic,1,,,Brazos Valley Cavalry FC,0,,,,,,,,
2023-03-22,,Chicago House AC,1,,,Milwaukee Bavarians,0,,,,,,,,
2023-03-22,,Beaman United FC,0,,,Des Moines Menace,3,,,,,,,,
2023-03-23,,Cleveland SC,1,,,Lionsbridge FC,0,,,,,,,,
2023-03-22,,Ventura County Fusion,1,,,Capo FC,4,,,,,,,,
2023-03-22,,UDA Soccer NM,1,,,Park City Red Wolves,0,,,,,,,,
2023-03-22,,Project 51O,0,,,Washington Crossfire,3,,,,,,,,
2023-03-23,,Hartford City FC,1,,,Lansdowne Bhoys FC,2,,,,,,,,
2023-04-04,,MIA (USL),3,,,Jacksonville United FC,1,,,,,,,,
2023-04-04,,KNX (USL1),1,,,MEM (USL),2,,,,,,,,
2023-04-04,,HFD (USL),3,,,Lansdowne Bhoys FC,0,,,,,,,,
2023-04-04,,Flower City Union,3,,,Manhattan SC,1,,,,,,,,
2023-04-04,,TBR (USL),2,,,Nona FC,0,,,,,,,,
2023-04-04,,DET (USL),1,,,Gold Star FC Detroit,0,,,,,,,,
2023-04-04,,Roots,3,,,El Farolito,1,,,,,,,,
2023-04-05,,CLTI (USL1),2,,,Appalachian FC,0,,,,,,,,
2023-04-04,,NM (USL),6,,,UDA Soccer NM,0,,,,,,,,
2023-04-05,,Maryland Bobcats FC,3,,,Ocean City Nor'easters,2,,,,,,,,
2023-04-05,,LDN (USL),2,,,NC (USL1),1,,,,,,,,
2023-04-05,,Chat'ga Red Wolves,1,,,BHM (USL),4,,,,,,,,
2023-04-05,,TRM (USL1),2,,,RGV Toros,1,,,,,,,,
2023-04-05,,LOU (USL),1,,,LEX (USL1),0,,,,,,,,
2023-04-04,,CHS (USL),4,,,Savannah Clovers FC,1,,,,,,,,
2023-04-04,,SA (USL),2,,,Club de Lyon FC,1,,,,,,,,
2023-04-05,,OMA (USL1),2,,,ELP (USL),0,,,,,,,,
2023-04-05,,Des Moines Menace,1,,,Chattanooga FC,4,,,,,,,,
2023-04-05,,COS (USL),1,,,NCO (USL1),3,,,,,,,,
2023-04-05,,LV (USL),4,,,Los Angeles Force,0,,,,,,,,
2023-04-05,,SD (USL),2,,,Albion SC Pros,0,,,,,,,,
2023-04-05,,OC (USL),5,,,Capo FC,0,,,,,,,,
2023-04-05,,SAC (USL),5,,,Washington Crossfire,4,,,,,,,,
2023-04-05,,CVF (USL1),1,,,MB (USL),3,,,,,,,,
2023-04-06,,RIC (USL1),3,,,Cleveland SC,2,,,,,,,,
2023-04-05,,Tulsa Athletic,1,,,FC Tulsa,0,,,,,,,,
2023-04-05,,PHX (USL),1,,,GVL (USL1),0,,,,,,,,
2023-04-05,,IND (USL),3,,,Michigan Stars FC,1,,,,,,,,
2023-04-11,,MAD (USL1),2,,,Chicago House AC,3,,,,,,,,
2023-04-25,,PIT (USL),2,,,Maryland Bobcats FC,0,,,,,,,,
2023-04-25,,CHS (USL),1,,,CLTI (USL1),0,,,,,,,,
2023-04-25,,DET (USL),1,,,MIN,3,,,,,,,,
2023-04-25,,NER,2,,,HFD (USL),1,,,,,,,,
2023-04-25,,CLT,4,,,TRM (USL1),1,,,,,,,,
2023-04-25,,STL,5,,,OMA (USL1),1,,,,,,,,
2023-04-25,,MB (USL),1,,,SJE,0,,,,,,,,
2023-04-26,,LDN (USL),5,,,Flower City Union,0,,,,,,,,
2023-04-26,,CIN,1,,,LOU (USL),0,,,,,,,,
2023-04-26,,TBR (USL),0,,,HOU,1,,,,,,,,
2023-04-26,,DCU,1,,,RIC (USL1),0,,,,,,,,
2023-04-25,,SKC,3,,,Tulsa Athletic,0,,,,,,,,
2023-04-26,,MIA (USL),2,,,MIA,2,,,,,,,,
2023-04-26,,CLB,1,,,IND (USL),0,,,,,,,,
2023-04-26,,ATL,1,,,MEM (USL),2,,,,,,,,
2023-04-26,,LV (USL),1,,,RSL,3,,,,,,,,
2023-04-26,,CHI,3,,,Chicago House AC,0,,,,,,,,
2023-04-26,,NM (USL),2,,,PHX (USL),1,,,,,,,,
2023-04-26,,SAC (USL),1,,,Roots,0,,,,,,,,
2023-04-26,,COL,3,,,NCO (USL1),1,,,,,,,,
2023-04-26,,SEA,5,,,SD (USL),4,,,,,,,,
2023-04-26,,BHM (USL),1,,,Chattanooga FC,1,,,,,,,,
2023-04-26,,POR,3,,,OC (USL),1,,,,,,,,
2023-04-26,,NSH,1,,,SA (USL),0,,,,,,,,
2023-05-09,,MIA,1,,,CHS (USL),0,,,,,,,,
2023-05-09,,CLT,1,,,ORL,0,,,,,,,,
2023-05-09,,NYRB,1,,,DCU,0,,,,,,,,
2023-05-09,,NER,0,,,PIT (USL),1,,,,,,,,
2023-05-10,,CIN,1,,,NYC,0,,,,,,,,
2023-05-09,,CHI,2,,,STL,1,,,,,,,,
2023-05-10,,LDN (USL),1,,,CLB,5,,,,,,,,
2023-05-09,,MB (USL),2,,,LAFC,2,,,,,,,,
2023-05-09,,SAC (USL),2,,,COL,4,,,,,,,,
2023-05-09,,MIN,3,,,PHI,3,,,,,,,,
2023-05-10,,BHM (USL),3,,,MEM (USL),0,,,,,,,,
2023-05-10,,NSH,2,,,FCD,0,,,,,,,,
2023-05-10,,LAG,3,,,SEA,1,,,,,,,,
2023-05-10,,POR,3,,,RSL,4,,,,,,,,
2023-05-10,,HOU,1,,,SKC,0,,,,,,,,
2023-05-10,,ATX,2,,,NM (USL),0,,,,,,,,
2023-05-23,,NYRB,1,,,CIN,1,,,,,,,,
2023-05-23,,MIA,2,,,NSH,1,,,,,,,,
2023-05-24,,PIT (USL),1,,,CLB,0,,,,,,,,
2023-05-23,,HOU,4,,,MIN,0,,,,,,,,
2023-05-23,,LAFC,0,,,LAG,2,,,,,,,,
2023-05-24,,BHM (USL),1,,,CLT,0,,,,,,,,
2023-05-24,,COL,0,,,RSL,1,,,,,,,,
2023-05-24,,ATX,0,,,CHI,2,,,,,,,,
2023-06-06,,CIN,3,,,PIT (USL),1,,,,,,,,
2023-06-06,,CHI,1,,,HOU,4,,,,,,,,
2023-06-07,,BHM (USL),0,,,MIA,1,,,,,,,,
2023-06-07,,RSL,3,,,LAG,2,,,,,,,,
2023-08-23,,CIN,3,,,MIA,3,,,,,,,,
2023-08-23,,HOU,3,,,RSL,1,,,,,,,,
2023-09-27,,MIA,1,,,HOU,2,,,,,,,,
2024-03-19,,MAD (USL1),2,,,Duluth FC,0,,,,,,,,
2024-03-19,,Chattanooga FC,0,,,Miami United FC,1,,,,,,,,
2024-03-19,,Vermont Green FC,4,,,LEX (USL1),3,,,,,,,,
2024-03-19,,The Villages SC,0,,,Savannah Clovers FC,2,,,,,,,,
2024-03-19,,West Chester United SC,0,,,Maryland Bobcats FC,2,,,,,,,,
2024-03-19,,TRM (USL1),1,,,FC America CFL Spurs,0,,,,,,,,
2024-03-20,,RIC (USL1),1,,,Christos FC,0,,,,,,,,
2024-03-19,,Tulsa Athletic,1,,,NCO (USL1),4,,,,,,,,
2024-03-20,,SC United Bantams,0,,,GVL (USL1),1,,,,,,,,
2024-03-20,,AS Frenzi,2,,,Club de Lyon FC,3,,,,,,,,
2024-03-20,,Asheville City SC,0,,,KNX (USL1),2,,,,,,,,
2024-03-19,,Timbers 2,1,,,El Farolito,2,,,,,,,,
2024-03-20,,NY Red Bulls II,5,,,Hudson Valley Hammers,1,,,,,,,,
2024-03-20,,Apotheos FC,1,,,Georgia Lions FC,0,,,,,,,,
2024-03-19,,Austin II,2,,,Foro SC,2,,,,,,,,
2024-03-21,,Steel City FC,0,,,Michigan Stars FC,1,,,,,,,,
2024-03-20,,Chicago Fire II,6,,,Chicago City SC,0,,,,,,,,
2024-03-20,,FC Folsom,1,,,CVF (USL1),2,,,,,,,,
2024-03-20,,Chicago House AC,0,,,Minn Utd 2,3,,,,,,,,
2024-03-21,,Western Mass Pioneers,0,,,OMA (USL1),4,,,,,,,,
2024-03-21,,Crown Legacy FC,0,,,South Carolina United Heat,1,,,,,,,,
2024-03-20,,Capo FC,2,,,Des Moines Menace,2,,,,,,,,
2024-03-20,,Irvine Zeta,1,,,MesoAmerica FC,0,,,,,,,,
2024-03-20,,Ballard FC,0,,,SPO (USL1),1,,,,,,,,
2024-03-21,,Carolina Core FC,3,,,Northern Virginia Royals,2,,,,,,,,
2024-03-21,,Vereinigung Erzgebirge,0,,,CLTI (USL1),2,,,,,,,,
2024-03-21,,FC Motown,0,,,New York City FC II,3,,,,,,,,
2024-03-20,,Los Angeles Force,2,,,Redlands FC,1,,,,,,,,
2024-03-21,,CHA (USL1),4,,,Brockton FC United,2,,,,,,,,
2024-03-21,,Rapids 2,3,,,Azteca FC,0,,,,,,,,
2024-03-21,,Lubbock Matadors SC,2,,,Arizona Monsoon FC,1,,,,,,,,
2024-03-21,,Galaxy II,2,,,Irvine Zeta 2,1,,,,,,,,
2024-04-02,,RIC (USL1),5,,,Maryland Bobcats FC,2,,,,,,,,
2024-04-02,,New York City FC II,4,,,NY Red Bulls II,2,,,,,,,,
2024-04-02,,CLTI (USL1),0,,,South Carolina United Heat,0,,,,,,,,
2024-04-03,,Miami United FC,2,,,Club de Lyon FC,0,,,,,,,,
2024-04-03,,Vermont Green FC,1,,,Carolina Core FC,2,,,,,,,,
2024-04-03,,TRM (USL1),4,,,Savannah Clovers FC,0,,,,,,,,
2024-04-03,,KNX (USL1),2,,,GVL (USL1),3,,,,,,,,
2024-04-02,,Minn Utd 2,0,,,Michigan Stars FC,2,,,,,,,,
2024-04-02,,Lubbock Matadors SC,2,,,Foro SC,0,,,,,,,,
2024-04-02,,CVF (USL1),1,,,El Farolito,2,,,,,,,,
2024-04-03,,Apotheos FC,0,,,CHA (USL1),1,,,,,,,,
2024-04-03,,Chicago Fire II,2,,,MAD (USL1),0,,,,,,,,
2024-04-03,,Rapids 2,2,,,NCO (USL1),3,,,,,,,,
2024-04-03,,SPO (USL1),1,,,Los Angeles Force,0,,,,,,,,
2024-04-03,,Galaxy II,0,,,Irvine Zeta,3,,,,,,,,
2024-04-03,,OMA (USL1),3,,,Des Moines Menace,1,,,,,,,,
2024-04-16,,LOU (USL),3,,,GVL (USL1),1,,,,,,,,
2024-04-16,,CLTI (USL1),4,,,RI (USL),4,,,,,,,,
2024-04-16,,DET (USL),1,,,Michigan Stars FC,0,,,,,,,,
2024-04-17,,MEM (USL),2,,,Miami United FC,0,,,,,,,,
2024-04-17,,NC (USL1),1,,,Carolina Core FC,0,,,,,,,,
2024-04-17,,RIC (USL1),0,,,LDN (USL),0,,,,,,,,
2024-04-17,,HFD (USL),2,,,New York City FC II,3,,,,,,,,
2024-04-16,,NM (USL),3,,,Lubbock Matadors SC,1,,,,,,,,
2024-04-16,,Roots,2,,,El Farolito,1,,,,,,,,
2024-04-17,,MIA (USL),2,,,TRM (USL1),4,,,,,,,,
2024-04-17,,Chicago Fire II,0,,,IND (USL),1,,,,,,,,
2024-04-17,,BHM (USL),4,,,CHA (USL1),2,,,,,,,,
2024-04-17,,TUL (USL),2,,,NCO (USL1),1,,,,,,,,
2024-04-17,,OMA (USL1),0,,,ELP (USL),0,,,,,,,,
2024-04-17,,MB (USL),2,,,Irvine Zeta,1,,,,,,,,
2024-04-17,,LV (USL),2,,,SPO (USL1),1,,,,,,,,
2024-05-07,,PIT (USL),0,,,TUL (USL),1,,,,,,,,
2024-05-07,,ATL,3,,,CLTI (USL1),0,,,,,,,,
2024-05-07,,SJE,1,,,Roots,0,,,,,,,,
2024-05-07,,OC (USL),1,,,LDN (USL),2,,,,,,,,
2024-05-08,,CHS (USL),3,,,TRM (USL1),2,,,,,,,,
2024-05-07,,HOU,3,,,DET (USL),3,,,,,,,,
2024-05-08,,IND (USL),2,,,SA (USL),0,,,,,,,,
2024-05-08,,NC (USL1),1,,,PHX (USL),2,,,,,,,,
2024-05-08,,TBR (USL),6,,,BHM (USL),4,,,,,,,,
2024-05-07,,SAC (USL),2,,,MB (USL),0,,,,,,,,
2024-05-07,,FCD,1,,,MEM (USL),0,,,,,,,,
2024-05-08,,New York City FC II,1,,,COS (USL),0,,,,,,,,
2024-05-08,,OMA (USL1),1,,,SKC,2,,,,,,,,
2024-05-08,,NM (USL),4,,,RSL,2,,,,,,,,
2024-05-08,,LV (USL),1,,,LAFC,3,,,,,,,,
2024-05-08,,SEA,2,,,LOU (USL),2,,,,,,,,
2024-05-21,,CHS (USL),0,,,ATL,0,,,,,,,,
2024-05-21,,New York City FC II,0,,,NM (USL),3,,,,,,,,
2024-05-22,,IND (USL),3,,,DET (USL),0,,,,,,,,
2024-05-21,,SAC (USL),4,,,SJE,3,,,,,,,,
2024-05-21,,SKC,4,,,TUL (USL),0,,,,,,,,
2024-05-21,,LAFC,3,,,LDN (USL),0,,,,,,,,
2024-05-22,,TBR (USL),1,,,FCD,2,,,,,,,,
2024-05-22,,SEA,2,,,PHX (USL),1,,,,,,,,
2024-07-09,,ATL,1,,,IND (USL),2,,,,,,,,
2024-07-09,,SAC (USL),1,,,SEA,2,,,,,,,,
2024-07-10,,SKC,2,,,FCD,1,,,,,,,,
2024-07-10,,LAFC,3,,,NM (USL),1,,,,,,,,
2024-08-27,,SKC,2,,,IND (USL),0,,,,,,,,
2024-08-28,,SEA,0,,,LAFC,1,,,,,,,,
2024-09-25,,LAFC,3,,,SKC,1,,,,,,,,
2025-03-18,,HFD (USL),3,,,New York Shockers,0,,,,,,,,
2025-03-18,,MIA (USL),4,,,Naples United FC,1,,,,,,,,
2025-03-18,,SAR (USL1),1,,,FCN (USL1),2,,,,,,,,
2025-03-18,,New Jersey Alliance FC,2,,,CHA (USL1),2,,,,,,,,
2025-03-18,,FC Motown,0,,,WES (USL1),1,,,,,,,,
2025-03-18,,Asheville City SC,0,,,GVL (USL1),0,,,,,,,,
2025-03-18,,West Chester United SC,2,,,LDN (USL),3,,,,,,,,
2025-03-19,,Crew 2,4,,,NY Renegades FC,1,,,,,,,,
2025-03-19,,Chattanooga FC,1,,,CRP (USL1),0,,,,,,,,
2025-03-19,,Sporting KC II,1,,,Des Moines Menace,2,,,,,,,,
2025-03-19,,Appalachian FC,0,,,KNX (USL1),3,,,,,,,,
2025-03-19,,Inter Miami II,4,,,Miami United FC,2,,,,,,,,
2025-03-19,,RIC (USL1),1,,,Virginia Dream FC,3,,,,,,,,
2025-03-18,,TXO (USL1),1,,,Foro SC,2,,,,,,,,
2025-03-18,,AVA (USL1),3,,,Ventura County Fusion,1,,,,,,,,
2025-03-18,,Tulsa Athletic,0,,,TUL (USL),1,,,,,,,,
2025-03-18,,Galaxy II,7,,,Laguna United FC,0,,,,,,,,
2025-03-19,,LEX (USL1),5,,,Southern Indiana FC,0,,,,,,,,
2025-03-20,,MAD (USL1),5,,,Duluth FC,1,,,,,,,,
2025-03-20,,POR (USL1),4,,,CD Faialense,0,,,,,,,,
2025-03-19,,Little Rock Rangers SC,1,,,BHM (USL),0,,,,,,,,
2025-03-19,,MB (USL),4,,,Inter San Francisco,0,,,,,,,,
2025-03-20,,TRM (USL1),3,,,Harbor City FC,0,,,,,,,,
2025-03-20,,Long Island Rough Riders,2,,,CLTI (USL1),3,,,,,,,,
2025-03-19,,Monarchs,1,,,El Farolito,3,,,,,,,,
2025-03-19,,Ballard FC,0,,,SPO (USL1),1,,,,,,,,
2025-03-19,,LAFC 2,7,,,FC Arizona,1,,,,,,,,
2025-03-20,,FC Cincinnati 2,0,,,New York Pancyprian-Freedoms,0,,,,,,,,
2025-03-20,,Carolina Core FC,4,,,Soda City FC,2,,,,,,,,
2025-03-19,,ELP (USL),5,,,Harpos FC,1,,,,,,,,
2025-03-20,,Tacoma,3,,,Washington AC,1,,,,,,,,
2025-03-21,,Colorado Rush,1,,,OMA (USL1),2,,,,,,,,
2025-04-01,,Crew 2,3,,,LEX (USL1),0,,,,,,,,
2025-04-01,,TRM (USL1),3,,,Foro SC,2,,,,,,,,
2025-04-01,,CLTI (USL1),2,,,Carolina Core FC,1,,,,,,,,
2025-04-01,,Inter Miami II,0,,,MIA (USL),1,,,,,,,,
2025-04-02,,LDN (USL),4,,,Virginia Dream FC,2,,,,,,,,
2025-04-02,,MAD (USL1),1,,,TUL (USL),3,,,,,,,,
2025-04-02,,POR (USL1),1,,,HFD (USL),1,,,,,,,,
2025-04-01,,MB (USL),1,,,El Farolito,2,,,,,,,,
2025-04-02,,GVL (USL1),1,,,KNX (USL1),3,,,,,,,,
2025-04-02,,WES (USL1),3,,,New York Pancyprian-Freedoms,2,,,,,,,,
2025-04-02,,Chattanooga FC,1,,,CHA (USL1),1,,,,,,,,
2025-04-01,,AVA (USL1),2,,,LAFC 2,1,,,,,,,,
2025-04-02,,FCN (USL1),3,,,Little Rock Rangers SC,0,,,,,,,,
2025-04-02,,Tacoma,2,,,SPO (USL1),1,,,,,,,,
2025-04-02,,Galaxy II,0,,,ELP (USL),3,,,,,,,,
2025-04-02,,Des Moines Menace,1,,,OMA (USL1),2,,,,,,,,
2025-04-15,,Crew 2,0,,,PIT (USL),1,,,,,,,,
2025-04-15,,CLTI (USL1),1,,,NC (USL1),3,,,,,,,,
2025-04-15,,POR (USL1),1,,,RI (USL),2,,,,,,,,
2025-04-15,,LOU (USL),2,,,LDN (USL),1,,,,,,,,
2025-04-15,,CHS (USL),4,,,TRM (USL1),0,,,,,,,,
2025-04-16,,DET (USL),3,,,WES (USL1),1,,,,,,,,
2025-04-15,,AVA (USL1),2,,,OC (USL),2,,,,,,,,
2025-04-16,,FCN (USL1),1,,,TBR (USL),1,,,,,,,,
2025-04-15,,OMA (USL1),1,,,SA (USL),0,,,,,,,,
2025-04-16,,IND (USL),1,,,MIA (USL),0,,,,,,,,
2025-04-15,,Tacoma,2,,,Roots,1,,,,,,,,
2025-04-16,,SAC (USL),1,,,El Farolito,0,,,,,,,,
2025-04-16,,TUL (USL),1,,,PHX (USL),1,,,,,,,,
2025-04-16,,COS (USL),3,,,KNX (USL1),2,,,,,,,,
2025-04-16,,NM (USL),2,,,ELP (USL),2,,,,,,,,
2025-04-16,,LV (USL),2,,,CHA (USL1),2,,,,,,,,
2025-05-06,,NC (USL1),1,,,CLT,4,,,,,,,,
2025-05-06,,DCU,2,,,CHS (USL),0,,,,,,,,
2025-05-06,,Tacoma,2,,,POR,3,,,,,,,,
2025-05-06,,NSH,1,,,CHA (USL1),0,,,,,,,,
2025-05-07,,PIT (USL),1,,,NYC,0,,,,,,,,
2025-05-06,,COS (USL),1,,,NYRB,4,,,,,,,,
2025-05-07,,LOU (USL),0,,,MIN,1,,,,,,,,
2025-05-07,,RI (USL),1,,,NER,2,,,,,,,,
2025-05-07,,PHI,1,,,IND (USL),1,,,,,,,,
2025-05-07,,TBR (USL),0,,,ORL,5,,,,,,,,
2025-05-07,,PHX (USL),1,,,HOU,4,,,,,,,,
2025-05-07,,CHI,4,,,DET (USL),0,,,,,,,,
2025-05-07,,STL,2,,,OMA (USL1),0,,,,,,,,
2025-05-07,,FCD,3,,,AVA (USL1),1,,,,,,,,
2025-05-07,,SJE,2,,,SAC (USL),1,,,,,,,,
2025-05-07,,ATX,3,,,ELP (USL),2,,,,,,,,
2025-05-20,,NER,1,,,CHI,3,,,,,,,,
2025-05-21,,MIN,3,,,STL,2,,,,,,,,
2025-05-21,,PHI,4,,,PIT (USL),1,,,,,,,,
2025-05-21,,DCU,3,,,CLT,3,,,,,,,,
2025-05-20,,SJE,1,,,POR,0,,,,,,,,
2025-05-21,,ORL,2,,,NSH,3,,,,,,,,
2025-05-21,,NYRB,2,,,FCD,2,,,,,,,,
2025-05-21,,ATX,3,,,HOU,1,,,,,,,,
2025-07-08,,MIN,3,,,CHI,1,,,,,,,,
2025-07-08,,SJE,2,,,ATX,2,,,,,,,,
2025-07-09,,NSH,5,,,DCU,2,,,,,,,,
2025-08-13,,PHI,3,,,NYRB,2,,,,,,,,
2025-09-16,,NSH,3,,,PHI,1,,,,,,,,
2025-09-17,,MIN,1,,,ATX,2,,,,,,,,
2025-10-01,,ATX,1,,,NSH,2,,,,,,,,
2026-03-17,,TRM (USL1),0,,,FC America CFL Spurs,1,,,,,,,,
2026-03-17,,RIC (USL1),2,,,Northern Virginia Royals,0,,,,,,,,
2026-03-17,,Vermont Green FC,1,,,POR (USL1),0,,,,,,,,
2026-03-17,,RI (USL),4,,,CD Faialense,0,,,,,,,,
2026-03-17,,West Chester United SC,1,,,LDN (USL),2,,,,,,,,
2026-03-17,,DET (USL),5,,,Michigan Rangers,1,,,,,,,,
2026-03-18,,Chattanooga FC,2,,,Kalonji Pro-Profile,1,,,,,,,,
2026-03-17,,COS (USL),3,,,Azteca FC,0,,,,,,,,
2026-03-18,,Asheville City SC,3,,,GVL (USL1),1,,,,,,,,
2026-03-18,,CHS (USL),2,,,Florida Badgers,1,,,,,,,,
2026-03-18,,FC Motown,0,,,HFD (USL),2,,,,,,,,
2026-03-17,,PHX (USL),4,,,San Ramon FC,0,,,,,,,,
2026-03-18,,LOU (USL),2,,,Southern Indiana FC,0,,,,,,,,
2026-03-18,,FCN (USL1),3,,,Red Force FC,0,,,,,,,,
2026-03-18,,Vistula Garfield,1,,,KNX (USL1),3,,,,,,,,
2026-03-17,,IND (USL),3,,,Des Moines Menace,0,,,,,,,,
2026-03-19,,Carolina Core FC,1,,,Virginia Dream FC,2,,,,,,,,
2026-03-19,,CLTI (USL1),4,,,Ristozi FC,1,,,,,,,,
2026-03-19,,Flint City Bucks,2,,,MAD (USL1),0,,,,,,,,
2026-03-18,,SAC (USL),2,,,El Farolito,0,,,,,,,,
2026-03-18,,Little Rock Rangers SC,2,,,TUL (USL),4,,,,,,,,
2026-03-19,,LEX (USL1),9,,,Flower City Union,0,,,,,,,,
2026-03-18,,BOHFS St. Louis,0,,,OMA (USL1),8,,,,,,,,
2026-03-18,,Ventura County Fusion,1,,,SPO (USL1),2,,,,,,,,
2026-03-18,,AVA (USL1),0,,,Valley 559 FC,1,,,,,,,,
2026-03-18,,SA (USL),6,,,ASC New Stars,0,,,,,,,,
2026-03-18,,OC (USL),3,,,Laguna United FC,0,,,,,,,,
2026-03-18,,NM (USL),3,,,Cruizers FC,2,,,,,,,,
2026-03-19,,WES (USL1),2,,,NY Renegades FC,0,,,,,,,,
2026-03-19,,Laredo Heat,0,,,ELP (USL),2,,,,,,,,
2026-03-19,,Tennessee Tempo,1,,,CHA (USL1),0,,,,,,,,
2026-03-25,,PIT (USL),2,,,Steel City FC,1,,,,,,,,
2026-03-31,,PIT (USL),2,,,Virginia Dream FC,0,,,,,,,,
2026-03-31,,FCN (USL1),3,,,FC America CFL Spurs,0,,,,,,,,
2026-03-31,,Asheville City SC,1,,,KNX (USL1),1,,,,,,,,
2026-03-31,,IND (USL),1,,,OMA (USL1),2,,,,,,,,
2026-03-31,,CLTI (USL1),3,,,CHS (USL),2,,,,,,,,
2026-04-01,,Chattanooga FC,1,,,Tennessee Tempo,0,,,,,,,,
2026-04-01,,RIC (USL1),1,,,LDN (USL),0,,,,,,,,
2026-04-01,,LEX (USL1),0,,,LOU (USL),2,,,,,,,,
2026-04-01,,Vermont Green FC,0,,,WES (USL1),0,,,,,,,,
2026-04-01,,RI (USL),2,,,HFD (USL),0,,,,,,,,
2026-03-31,,Valley 559 FC,0,,,SAC (USL),4,,,,,,,,
2026-04-01,,Flint City Bucks,0,,,DET (USL),1,,,,,,,,
2026-04-01,,COS (USL),1,,,SPO (USL1),1,,,,,,,,
2026-04-01,,OC (USL),1,,,PHX (USL),2,,,,,,,,
2026-04-01,,NM (USL),0,,,ELP (USL),4,,,,,,,,
2026-04-01,,SA (USL),0,,,TUL (USL),1,,,,,,,,
2026-04-14,,NER,1,,,RI (USL),1,,,,,,,,
2026-04-14,,LOU (USL),2,,,ATX,1,,,,,,,,
2026-04-14,,DET (USL),1,,,CHI,2,,,,,,,,
2026-04-14,,WES (USL1),2,,,NYC,5,,,,,,,,
2026-04-14,,COS (USL),3,,,SKC,0,,,,,,,,
2026-04-14,,SAC (USL),0,,,MIN,0,,,,,,,,
2026-04-14,,COL,1,,,OMA (USL1),0,,,,,,,,
